Year,Month,Return,Amount,CPI
1928,1,-0.83%,"9,917.13",17.3
1928,2,5.75%,"10,487.00",17.1
1928,3,6.66%,"11,185.66",17.1
1928,4,3.44%,"11,569.89",17.1
1928,5,-4.57%,"11,041.69",17.2
1928,6,1.09%,"11,162.15",17.1
1928,7,3.59%,"11,562.99",17.1
1928,8,7.37%,"12,415.67",17.1
1928,9,2.36%,"12,708.42",17.3
1928,10,7.08%,"13,608.43",17.2
1928,11,0.70%,"13,703.02",17.2
1928,12,7.69%,"14,757.13",17.1
1929,1,0.81%,"14,876.85",17.1
1929,2,2.05%,"15,181.94",17.1
1929,3,-0.30%,"15,136.17",17
1929,4,1.80%,"15,408.10",16.9
1929,5,2.20%,"15,747.37",17
1929,6,9.20%,"17,196.14",17.1
1929,7,5.96%,"18,220.59",17.3
1929,8,4.24%,"18,993.90",17.3
1929,9,-10.32%,"17,032.82",17.3
1929,10,-26.19%,"12,571.77",17.3
1929,11,4.37%,"13,121.56",17.3
1929,12,1.83%,"13,361.20",17.2
1930,1,6.64%,"14,247.98",17.1
1930,2,4.12%,"14,835.30",17
1930,3,6.69%,"15,827.45",16.9
1930,4,-5.65%,"14,932.95",17
1930,5,-9.77%,"13,474.08",16.9
1930,6,-1.76%,"13,236.93",16.8
1930,7,-0.90%,"13,118.34",16.6
1930,8,0.34%,"13,163.39",16.5
1930,9,-13.37%,"11,403.28",16.6
1930,10,-6.80%,"10,627.91",16.5
1930,11,-6.19%,"9,970.28",16.4
1930,12,3.56%,"10,324.91",16.1
1931,1,8.14%,"11,165.22",15.9
1931,2,2.38%,"11,431.01",15.7
1931,3,-9.08%,"10,393.11",15.6
1931,4,-9.16%,"9,441.10",15.5
1931,5,-2.68%,"9,188.18",15.3
1931,6,3.86%,"9,542.59",15.1
1931,7,-2.49%,"9,305.45",15.1
1931,8,-14.37%,"7,968.40",15.1
1931,9,-12.75%,"6,952.42",15
1931,10,2.05%,"7,095.24",14.9
1931,11,-18.10%,"5,811.02",14.7
1931,12,-0.85%,"5,761.68",14.6
1932,1,-0.05%,"5,758.98",14.3
1932,2,1.14%,"5,824.68",14.1
1932,3,-23.22%,"4,471.93",14
1932,4,-11.31%,"3,965.95",13.9
1932,5,-12.39%,"3,474.51",13.7
1932,6,6.18%,"3,689.39",13.6
1932,7,51.35%,"5,583.99",13.6
1932,8,10.37%,"6,162.83",13.5
1932,9,-13.22%,"5,348.33",13.4
1932,10,-0.34%,"5,330.38",13.3
1932,11,-2.64%,"5,189.67",13.2
1932,12,4.57%,"5,426.83",13.1
1933,1,-11.27%,"4,815.45",12.9
1933,2,0.33%,"4,831.50",12.7
1933,3,11.24%,"5,374.69",12.6
1933,4,29.32%,"6,950.44",12.6
1933,5,17.58%,"8,172.51",12.6
1933,6,8.46%,"8,864.04",12.7
1933,7,-4.64%,"8,452.61",13.1
1933,8,-0.48%,"8,411.68",13.2
1933,9,-9.38%,"7,622.92",13.2
1933,10,2.80%,"7,836.44",13.2
1933,11,2.32%,"8,018.39",13.2
1933,12,6.08%,"8,506.31",13.2
1934,1,7.75%,"9,165.45",13.2
1934,2,-4.80%,"8,725.65",13.3
1934,3,2.02%,"8,901.85",13.3
1934,4,-9.83%,"8,027.10",13.3
1934,5,1.70%,"8,163.76",13.3
1934,6,-4.36%,"7,808.21",13.4
1934,7,-3.51%,"7,533.77",13.4
1934,8,-2.01%,"7,382.45",13.4
1934,9,1.21%,"7,471.65",13.6
1934,10,3.21%,"7,711.54",13.5
1934,11,1.06%,"7,793.21",13.5
1934,12,0.40%,"7,824.77",13.4
1935,1,-2.62%,"7,619.86",13.6
1935,2,-5.93%,"7,168.01",13.7
1935,3,7.94%,"7,736.93",13.7
1935,4,8.27%,"8,376.45",13.8
1935,5,4.17%,"8,726.06",13.8
1935,6,5.60%,"9,214.68",13.7
1935,7,7.10%,"9,869.37",13.7
1935,8,2.43%,"10,109.52",13.7
1935,9,2.99%,"10,411.38",13.7
1935,10,9.71%,"11,422.38",13.7
1935,11,0.29%,"11,455.96",13.8
1935,12,5.82%,"12,122.91",13.8
1936,1,6.03%,"12,854.16",13.8
1936,2,2.41%,"13,164.10",13.8
1936,3,0.41%,"13,218.73",13.7
1936,4,-5.02%,"12,555.18",13.7
1936,5,4.57%,"13,129.43",13.7
1936,6,6.23%,"13,947.97",13.8
1936,7,2.30%,"14,268.43",13.9
1936,8,1.44%,"14,474.47",14
1936,9,5.55%,"15,277.85",14
1936,10,3.10%,"15,751.74",14
1936,11,-1.40%,"15,531.20",14
1936,12,3.46%,"16,068.33",14
1937,1,3.30%,"16,598.91",14.1
1937,2,0.23%,"16,637.10",14.1
1937,3,-5.62%,"15,701.32",14.2
1937,4,-4.09%,"15,059.80",14.3
1937,5,-3.34%,"14,557.03",14.4
1937,6,6.39%,"15,487.79",14.4
1937,7,1.44%,"15,710.29",14.5
1937,8,-13.76%,"13,548.12",14.5
1937,9,-14.10%,"11,638.15",14.6
1937,10,-8.27%,"10,676.21",14.6
1937,11,-1.02%,"10,567.38",14.5
1937,12,3.24%,"10,909.39",14.4
1938,1,-1.80%,"10,712.73",14.2
1938,2,-6.02%,"10,067.98",14.1
1938,3,-3.44%,"9,721.31",14.1
1938,4,1.56%,"9,872.58",14.2
1938,5,2.93%,"10,162.20",14.1
1938,6,20.49%,"12,244.08",14.1
1938,7,1.06%,"12,373.57",14.1
1938,8,-4.08%,"11,868.19",14.1
1938,9,11.62%,"13,246.92",14.1
1938,10,0.47%,"13,308.63",14
1938,11,-2.55%,"12,969.21",14
1938,12,-1.16%,"12,818.46",14
1939,1,-0.46%,"12,759.78",14
1939,2,0.27%,"12,793.80",13.9
1939,3,-12.24%,"11,227.70",13.9
1939,4,4.10%,"11,687.60",13.8
1939,5,2.17%,"11,941.43",13.8
1939,6,2.84%,"12,280.10",13.8
1939,7,-1.07%,"12,149.02",13.8
1939,8,11.06%,"13,492.18",13.8
1939,9,1.38%,"13,678.84",14.1
1939,10,-1.41%,"13,486.20",14
1939,11,-1.97%,"13,220.10",14
1939,12,-0.15%,"13,200.51",14
1940,1,-0.23%,"13,170.40",13.9
1940,2,-0.15%,"13,151.24",14
1940,3,1.42%,"13,337.95",14
1940,4,-13.34%,"11,558.53",14
1940,5,-8.09%,"10,622.93",14
1940,6,3.87%,"11,033.97",14.1
1940,7,2.65%,"11,326.36",14
1940,8,4.76%,"11,865.23",14
1940,9,1.47%,"12,039.17",14
1940,10,2.85%,"12,382.32",14
1940,11,-3.59%,"11,937.81",14
1940,12,0.72%,"12,023.78",14.1
1941,1,-5.72%,"11,335.53",14.1
1941,2,1.18%,"11,468.93",14.1
1941,3,-2.55%,"11,176.92",14.2
1941,4,-1.59%,"10,999.47",14.3
1941,5,4.11%,"11,451.14",14.4
1941,6,5.71%,"12,105.24",14.7
1941,7,0.08%,"12,114.41",14.7
1941,8,0.86%,"12,218.89",14.9
1941,9,-3.43%,"11,799.27",15.1
1941,10,-4.08%,"11,317.47",15.3
1941,11,-5.88%,"10,651.81",15.4
1941,12,2.62%,"10,930.47",15.5
1942,1,-2.48%,"10,659.48",15.7
1942,2,-4.76%,"10,151.84",15.8
1942,3,-3.45%,"9,801.24",16
1942,4,1.87%,"9,984.60",16.1
1942,5,5.75%,"10,558.54",16.3
1942,6,4.38%,"11,021.18",16.3
1942,7,0.05%,"11,026.15",16.4
1942,8,1.66%,"11,209.42",16.5
1942,9,7.97%,"12,102.64",16.5
1942,10,2.15%,"12,363.43",16.7
1942,11,1.06%,"12,493.99",16.8
1942,12,6.50%,"13,306.58",16.9
1943,1,6.43%,"14,162.69",16.9
1943,2,4.01%,"14,731.28",16.9
1943,3,3.79%,"15,289.08",17.2
1943,4,4.36%,"15,956.19",17.4
1943,5,2.18%,"16,303.99",17.5
1943,6,2.47%,"16,707.10",17.5
1943,7,-4.54%,"15,948.78",17.4
1943,8,2.55%,"16,355.95",17.3
1943,9,-0.50%,"16,274.10",17.4
1943,10,-4.21%,"15,589.54",17.4
1943,11,1.77%,"15,865.50",17.4
1943,12,3.67%,"16,447.10",17.4
1944,1,-0.24%,"16,407.00",17.4
1944,2,3.24%,"16,938.64",17.4
1944,3,-1.31%,"16,717.00",17.4
1944,4,2.20%,"17,085.28",17.5
1944,5,5.14%,"17,963.86",17.5
1944,6,3.02%,"18,506.18",17.6
1944,7,-1.06%,"18,310.84",17.7
1944,8,-1.23%,"18,086.50",17.7
1944,9,2.88%,"18,608.04",17.7
1944,10,-0.28%,"18,555.19",17.7
1944,11,2.60%,"19,037.65",17.7
1944,12,3.38%,"19,681.92",17.8
1945,1,3.73%,"20,416.69",17.8
1945,2,0.31%,"20,480.97",17.8
1945,3,2.90%,"21,075.21",17.8
1945,4,4.16%,"21,952.11",17.8
1945,5,2.19%,"22,432.29",17.9
1945,6,-1.70%,"22,051.97",18.1
1945,7,0.71%,"22,207.80",18.1
1945,8,7.18%,"23,802.22",18.1
1945,9,4.51%,"24,876.62",18.1
1945,10,3.61%,"25,773.69",18.1
1945,11,2.02%,"26,295.52",18.1
1945,12,4.30%,"27,425.93",18.2
1946,1,0.59%,"27,586.59",18.2
1946,2,-2.68%,"26,847.86",18.1
1946,3,6.77%,"28,665.28",18.3
1946,4,0.52%,"28,813.78",18.4
1946,5,-0.34%,"28,716.19",18.5
1946,6,-2.55%,"27,984.64",18.7
1946,7,-1.62%,"27,530.28",19.8
1946,8,-14.42%,"23,559.74",20.2
1946,9,-1.87%,"23,118.67",20.4
1946,10,-0.01%,"23,115.63",20.8
1946,11,3.39%,"23,900.22",21.3
1946,12,0.92%,"24,120.06",21.5
1947,1,4.27%,"25,149.95",21.5
1947,2,-3.67%,"24,226.28",21.5
1947,3,-3.30%,"23,427.26",21.9
1947,4,-1.36%,"23,108.12",21.9
1947,5,3.92%,"24,014.11",21.9
1947,6,6.69%,"25,621.53",22
1947,7,-1.56%,"25,222.12",22.2
1947,8,-2.17%,"24,675.59",22.5
1947,9,3.03%,"25,422.46",23
1947,10,-0.73%,"25,236.89",23
1947,11,-1.12%,"24,953.64",23.1
1947,12,-0.86%,"24,737.80",23.4
1948,1,-4.45%,"23,637.32",23.7
1948,2,1.92%,"24,090.89",23.5
1948,3,8.19%,"26,063.36",23.4
1948,4,5.33%,"27,452.56",23.8
1948,5,4.59%,"28,711.87",23.9
1948,6,-1.96%,"28,149.98",24.1
1948,7,-2.49%,"27,449.47",24.4
1948,8,-0.68%,"27,263.39",24.5
1948,9,3.19%,"28,132.67",24.5
1948,10,-5.10%,"26,697.65",24.4
1948,11,-0.16%,"26,655.46",24.2
1948,12,1.63%,"27,089.77",24.1
1949,1,-3.33%,"26,188.35",24
1949,2,1.49%,"26,578.91",23.8
1949,3,0.41%,"26,688.84",23.8
1949,4,-0.18%,"26,640.05",23.9
1949,5,-4.91%,"25,331.28",23.8
1949,6,6.26%,"26,917.88",23.9
1949,7,4.17%,"28,040.48",23.7
1949,8,1.87%,"28,565.18",23.8
1949,9,3.14%,"29,462.64",23.9
1949,10,1.95%,"30,036.40",23.7
1949,11,3.24%,"31,010.06",23.8
1949,12,2.63%,"31,825.62",23.6
1950,1,2.52%,"32,628.49",23.5
1950,2,1.38%,"33,077.19",23.5
1950,3,3.39%,"34,197.24",23.6
1950,4,3.91%,"35,535.86",23.6
1950,5,2.16%,"36,305.10",23.7
1950,6,-6.72%,"33,864.10",23.8
1950,7,6.64%,"36,111.85",24.1
1950,8,4.11%,"37,595.56",24.3
1950,9,4.72%,"39,370.57",24.4
1950,10,0.38%,"39,518.63",24.6
1950,11,0.19%,"39,595.58",24.7
1950,12,8.01%,"42,768.23",25
1951,1,4.31%,"44,611.02",25.4
1951,2,-1.11%,"44,114.78",25.7
1951,3,1.93%,"44,964.58",25.8
1951,4,0.63%,"45,247.20",25.8
1951,5,-1.15%,"44,729.09",25.9
1951,6,2.37%,"45,787.65",25.9
1951,7,4.97%,"48,061.14",25.9
1951,8,3.14%,"49,568.22",25.9
1951,9,0.03%,"49,582.30",26.1
1951,10,-2.25%,"48,465.02",26.2
1951,11,3.61%,"50,216.16",26.4
1951,12,3.83%,"52,141.36",26.5
1952,1,-1.33%,"51,446.81",26.5
1952,2,0.75%,"51,832.51",26.3
1952,3,0.20%,"51,937.73",26.3
1952,4,0.46%,"52,176.56",26.4
1952,5,3.24%,"53,869.61",26.4
1952,6,3.37%,"55,683.30",26.5
1952,7,0.88%,"56,173.61",26.7
1952,8,-1.11%,"55,550.82",26.7
1952,9,-1.61%,"54,655.98",26.7
1952,10,3.67%,"56,660.46",26.7
1952,11,4.51%,"59,215.30",26.7
1952,12,0.99%,"59,800.86",26.7
1953,1,-0.77%,"59,338.30",26.6
1953,2,0.96%,"59,906.22",26.5
1953,3,-4.47%,"57,226.69",26.6
1953,4,1.00%,"57,800.52",26.6
1953,5,-3.11%,"56,004.27",26.7
1953,6,1.91%,"57,076.03",26.8
1953,7,0.90%,"57,589.07",26.8
1953,8,-4.11%,"55,223.96",26.9
1953,9,3.52%,"57,166.01",26.9
1953,10,2.71%,"58,714.21",27
1953,11,1.84%,"59,792.63",26.9
1953,12,3.02%,"61,600.70",26.9
1954,1,2.68%,"63,249.33",26.9
1954,2,2.58%,"64,882.69",26.9
1954,3,4.45%,"67,770.30",26.9
1954,4,4.42%,"70,767.45",26.8
1954,5,1.22%,"71,632.99",26.9
1954,6,4.46%,"74,825.89",26.9
1954,7,2.39%,"76,617.41",26.9
1954,8,2.74%,"78,716.58",26.9
1954,9,2.71%,"80,850.32",26.8
1954,10,4.30%,"84,328.65",26.8
1954,11,4.95%,"88,505.72",26.8
1954,12,2.17%,"90,424.98",26.7
1955,1,3.70%,"93,775.00",26.7
1955,2,-0.44%,"93,365.75",26.7
1955,3,3.81%,"96,921.33",26.7
1955,4,-0.08%,"96,845.04",26.7
1955,5,6.15%,"102,796.26",26.7
1955,6,7.64%,"110,654.13",26.7
1955,7,-0.30%,"110,322.93",26.8
1955,8,4.82%,"115,636.55",26.8
1955,9,-4.72%,"110,172.89",26.9
1955,10,7.07%,"117,957.88",26.9
1955,11,1.24%,"119,417.22",26.9
1955,12,-2.39%,"116,565.81",26.8
1956,1,0.95%,"117,672.50",26.8
1956,2,7.21%,"126,152.09",26.8
1956,3,1.48%,"128,022.63",26.8
1956,4,-2.84%,"124,388.74",26.9
1956,5,-0.26%,"124,062.82",27
1956,6,5.75%,"131,195.02",27.2
1956,7,-0.28%,"130,821.47",27.4
1956,8,-3.09%,"126,780.61",27.3
1956,9,-0.95%,"125,571.63",27.4
1956,10,-0.71%,"124,676.97",27.5
1956,11,1.81%,"126,932.32",27.5
1956,12,-1.86%,"124,568.06",27.6
1957,1,-4.00%,"119,590.61",27.6
1957,2,1.62%,"121,528.61",27.7
1957,3,2.64%,"124,741.86",27.8
1957,4,4.16%,"129,931.36",27.9
1957,5,1.95%,"132,470.46",28
1957,6,2.32%,"135,546.58",28.1
1957,7,-5.21%,"128,491.23",28.3
1957,8,-3.74%,"123,686.36",28.3
1957,9,-5.90%,"116,393.04",28.3
1957,10,-1.80%,"114,297.46",28.3
1957,11,0.32%,"114,660.98",28.4
1957,12,2.33%,"117,331.10",28.4
1958,1,0.70%,"118,154.62",28.6
1958,2,2.42%,"121,012.71",28.6
1958,3,0.90%,"122,097.54",28.8
1958,4,3.56%,"126,441.57",28.9
1958,5,2.74%,"129,899.99",28.9
1958,6,3.07%,"133,888.91",28.9
1958,7,4.05%,"139,317.17",29
1958,8,2.94%,"143,418.31",28.9
1958,9,4.36%,"149,669.92",28.9
1958,10,3.33%,"154,648.31",28.9
1958,11,2.16%,"157,992.47",29
1958,12,4.25%,"164,714.56",28.9
1959,1,-1.27%,"162,630.87",29
1959,2,2.81%,"167,194.58",28.9
1959,3,1.94%,"170,432.19",28.9
1959,4,1.77%,"173,441.04",29
1959,5,-0.61%,"172,389.53",29
1959,6,4.23%,"179,677.44",29.1
1959,7,-0.32%,"179,105.15",29.2
1959,8,-3.70%,"172,472.46",29.2
1959,9,0.18%,"172,777.30",29.3
1959,10,0.67%,"173,933.36",29.4
1959,11,3.46%,"179,956.88",29.4
1959,12,-1.49%,"177,283.12",29.4
1960,1,-3.61%,"170,884.54",29.3
1960,2,-1.08%,"169,042.16",29.4
1960,3,1.58%,"171,720.25",29.4
1960,4,-0.62%,"170,647.79",29.5
1960,5,3.99%,"177,453.37",29.5
1960,6,-2.20%,"173,556.28",29.6
1960,7,1.49%,"176,143.77",29.6
1960,8,-2.72%,"171,351.32",29.6
1960,9,-1.67%,"168,482.96",29.6
1960,10,3.54%,"174,448.70",29.8
1960,11,2.69%,"179,142.49",29.8
1960,12,5.43%,"188,864.44",29.8
1961,1,4.37%,"197,125.59",29.8
1961,2,3.40%,"203,822.04",29.8
1961,3,2.92%,"209,771.62",29.8
1961,4,1.26%,"212,421.78",29.8
1961,5,-1.08%,"210,127.20",29.8
1961,6,-0.03%,"210,068.49",29.8
1961,7,3.84%,"218,132.96",30
1961,8,-0.54%,"216,951.32",29.9
1961,9,1.34%,"219,865.08",30
1961,10,4.77%,"230,357.17",30
1961,11,1.16%,"233,036.24",30
1961,12,-3.49%,"224,909.96",30
1962,1,1.91%,"229,204.61",30
1962,2,0.34%,"229,986.18",30.1
1962,3,-2.94%,"223,213.22",30.1
1962,4,-7.19%,"207,175.18",30.2
1962,5,-11.41%,"183,530.80",30.2
1962,6,2.72%,"188,517.99",30.2
1962,7,3.02%,"194,216.96",30.3
1962,8,-0.59%,"193,064.59",30.3
1962,9,-2.86%,"187,550.04",30.4
1962,10,7.20%,"201,055.26",30.4
1962,11,4.62%,"210,351.59",30.4
1962,12,4.15%,"219,074.26",30.4
1963,1,1.60%,"222,569.67",30.4
1963,2,-0.11%,"222,328.63",30.4
1963,3,4.98%,"233,396.54",30.5
1963,4,2.27%,"238,693.64",30.5
1963,5,0.22%,"239,210.72",30.5
1963,6,-1.22%,"236,287.83",30.6
1963,7,3.03%,"243,450.05",30.7
1963,8,2.89%,"250,494.56",30.7
1963,9,0.50%,"251,746.75",30.7
1963,10,-0.31%,"250,974.96",30.8
1963,11,2.39%,"256,981.69",30.8
1963,12,3.33%,"265,539.66",30.9
1964,1,1.48%,"269,469.40",30.9
1964,2,2.07%,"275,050.22",30.9
1964,3,1.69%,"279,707.11",30.9
1964,4,1.22%,"283,120.54",30.9
1964,5,-0.35%,"282,127.74",30.9
1964,6,3.96%,"293,302.92",31
1964,7,-1.23%,"289,708.00",31.1
1964,8,1.97%,"295,402.06",31
1964,9,1.97%,"301,222.03",31.1
1964,10,0.94%,"304,044.33",31.1
1964,11,-1.49%,"299,513.08",31.2
1964,12,2.82%,"307,961.71",31.2
1965,1,0.98%,"310,964.52",31.2
1965,2,0.34%,"312,008.04",31.2
1965,3,1.56%,"316,868.00",31.3
1965,4,1.73%,"322,358.05",31.4
1965,5,-4.51%,"307,828.23",31.4
1965,6,0.10%,"308,144.96",31.6
1965,7,2.12%,"314,673.27",31.6
1965,8,3.60%,"325,989.28",31.6
1965,9,2.50%,"334,128.67",31.6
1965,10,1.08%,"337,723.81",31.7
1965,11,-0.21%,"337,009.15",31.7
1965,12,1.98%,"343,683.45",31.8
1966,1,-0.43%,"342,204.17",31.8
1966,2,-3.86%,"328,987.09",32
1966,3,3.32%,"339,912.61",32.1
1966,4,-5.01%,"322,891.22",32.3
1966,5,-0.56%,"321,084.56",32.3
1966,6,0.02%,"321,143.63",32.4
1966,7,-5.77%,"302,615.39",32.5
1966,8,-3.22%,"292,856.53",32.7
1966,9,-0.56%,"291,203.62",32.7
1966,10,5.32%,"306,684.18",32.9
1966,11,0.72%,"308,879.42",32.9
1966,12,4.13%,"321,637.04",32.9
1967,1,3.73%,"333,634.16",32.9
1967,2,2.63%,"342,421.21",32.9
1967,3,1.99%,"349,243.85",33
1967,4,2.06%,"356,430.17",33.1
1967,5,-0.99%,"352,895.00",33.2
1967,6,1.99%,"359,926.14",33.3
1967,7,1.85%,"366,590.72",33.4
1967,8,1.65%,"372,653.79",33.5
1967,9,0.10%,"373,016.81",33.6
1967,10,-2.88%,"362,267.46",33.7
1967,11,3.11%,"373,540.26",33.8
1967,12,-0.02%,"373,474.93",33.9
1968,1,-4.26%,"357,576.18",34.1
1968,2,-1.56%,"352,000.75",34.2
1968,3,7.66%,"378,970.09",34.3
1968,4,2.56%,"388,662.98",34.4
1968,5,2.94%,"400,092.36",34.5
1968,6,0.05%,"400,288.10",34.7
1968,7,-1.93%,"392,546.84",34.9
1968,8,3.51%,"406,316.15",35
1968,9,2.72%,"417,356.48",35.1
1968,10,1.79%,"424,809.43",35.3
1968,11,1.29%,"430,269.57",35.4
1968,12,-3.99%,"413,122.76",35.5
1969,1,-0.24%,"412,137.20",35.6
1969,2,-1.91%,"404,249.75",35.8
1969,3,2.27%,"413,443.41",36.1
1969,4,3.51%,"427,969.71",36.3
1969,5,-4.97%,"406,693.97",36.4
1969,6,-4.21%,"389,591.13",36.6
1969,7,-0.28%,"388,486.20",36.8
1969,8,0.63%,"390,927.93",37
1969,9,1.35%,"396,191.45",37.1
1969,10,1.00%,"400,143.32",37.3
1969,11,-5.03%,"380,026.17",37.5
1969,12,-0.59%,"377,787.70",37.7
1970,1,-3.20%,"365,713.26",37.8
1970,2,2.01%,"373,072.38",38
1970,3,-2.75%,"362,821.48",38.2
1970,4,-11.20%,"322,189.04",38.5
1970,5,-0.27%,"321,319.48",38.6
1970,6,0.52%,"322,998.56",38.8
1970,7,3.26%,"333,514.68",39
1970,8,6.32%,"354,597.14",39
1970,9,2.49%,"363,424.86",39.2
1970,10,0.21%,"364,176.28",39.4
1970,11,7.16%,"390,245.28",39.6
1970,12,4.11%,"406,287.02",39.8
1971,1,4.15%,"423,152.27",39.8
1971,2,2.83%,"435,135.26",39.9
1971,3,3.67%,"451,121.53",40
1971,4,-1.11%,"446,123.67",40.1
1971,5,-1.60%,"439,004.18",40.3
1971,6,-0.46%,"436,971.75",40.6
1971,7,-1.52%,"430,342.39",40.7
1971,8,2.49%,"441,042.43",40.8
1971,9,-1.86%,"432,822.80",40.8
1971,10,-4.37%,"413,901.85",40.9
1971,11,7.16%,"443,552.13",40.9
1971,12,4.42%,"463,168.40",41.1
1972,1,2.09%,"472,834.55",41.1
1972,2,2.62%,"485,220.99",41.3
1972,3,1.26%,"491,329.43",41.4
1972,4,-0.78%,"487,517.26",41.5
1972,5,0.52%,"490,033.31",41.6
1972,6,-0.50%,"487,564.24",41.7
1972,7,3.78%,"506,012.14",41.9
1972,8,-1.21%,"499,887.06",42
1972,9,0.42%,"501,973.73",42.1
1972,10,5.25%,"528,348.47",42.3
1972,11,2.31%,"540,561.33",42.4
1972,12,0.99%,"545,909.44",42.5
1973,1,-3.33%,"527,757.29",42.6
1973,2,-1.35%,"520,657.11",42.9
1973,3,-1.63%,"512,153.19",43.3
1973,4,-2.57%,"498,992.09",43.6
1973,5,-1.99%,"489,063.19",43.9
1973,6,1.21%,"494,982.04",44.2
1973,7,-1.64%,"486,886.99",44.3
1973,8,2.00%,"496,601.80",45.1
1973,9,4.24%,"517,634.48",45.2
1973,10,-6.85%,"482,161.70",45.6
1973,11,-6.81%,"449,349.23",45.9
1973,12,1.70%,"456,990.09",46.2
1974,1,-2.47%,"445,689.36",46.6
1974,2,4.57%,"466,078.04",47.2
1974,3,-4.82%,"443,628.74",47.8
1974,4,-2.71%,"431,625.59",48
1974,5,0.46%,"433,599.12",48.6
1974,6,-11.35%,"384,399.30",49
1974,7,-3.76%,"369,927.57",49.4
1974,8,-10.01%,"332,884.54",50
1974,9,2.38%,"340,796.98",50.6
1974,10,3.74%,"353,554.51",51.1
1974,11,-6.09%,"332,016.58",51.5
1974,12,8.63%,"360,678.81",51.9
1975,1,10.81%,"399,659.28",52.1
1975,2,4.97%,"419,536.91",52.5
1975,3,1.49%,"425,775.55",52.7
1975,4,6.71%,"454,356.31",52.9
1975,5,2.89%,"467,508.21",53.2
1975,6,0.43%,"469,527.84",53.6
1975,7,-7.00%,"436,678.49",54.2
1975,8,-0.85%,"432,955.02",54.3
1975,9,4.97%,"454,478.34",54.6
1975,10,2.04%,"463,757.42",54.9
1975,11,-1.18%,"458,286.76",55.3
1975,12,9.55%,"502,031.53",55.5
1976,1,4.18%,"523,007.10",55.6
1976,2,0.80%,"527,203.75",55.8
1976,3,1.10%,"532,979.01",55.9
1976,4,-0.38%,"530,936.24",56.1
1976,5,0.90%,"535,717.76",56.5
1976,6,2.67%,"549,996.55",56.8
1976,7,-0.56%,"546,913.15",57.1
1976,8,2.44%,"560,246.26",57.4
1976,9,-3.11%,"542,832.60",57.6
1976,10,-0.37%,"540,842.33",57.9
1976,11,3.79%,"561,321.36",58
1976,12,-0.54%,"558,305.67",58.2
1977,1,-2.37%,"545,081.62",58.5
1977,2,-0.05%,"544,786.29",59.1
1977,3,-1.19%,"538,283.33",59.5
1977,4,0.06%,"538,630.53",60
1977,5,0.90%,"543,476.96",60.3
1977,6,1.28%,"550,446.72",60.7
1977,7,-2.08%,"539,005.02",61
1977,8,-1.18%,"532,669.91",61.2
1977,9,-2.20%,"520,962.57",61.4
1977,10,0.98%,"526,073.96",61.6
1977,11,-0.08%,"525,652.36",61.9
1977,12,-3.39%,"507,830.87",62.1
1978,1,-0.97%,"502,894.79",62.5
1978,2,0.27%,"504,230.81",62.9
1978,3,4.83%,"528,585.13",63.4
1978,4,5.50%,"557,680.15",63.9
1978,5,0.67%,"561,436.44",64.5
1978,6,-0.06%,"561,086.71",65.2
1978,7,7.33%,"602,203.95",65.7
1978,8,0.40%,"604,610.90",66
1978,9,-2.77%,"587,842.01",66.5
1978,10,-5.44%,"555,877.21",67.1
1978,11,1.92%,"566,565.78",67.4
1978,12,4.19%,"590,278.30",67.7
1979,1,-1.06%,"584,039.33",68.3
1979,2,2.34%,"597,712.63",69.1
1979,3,2.43%,"612,242.44",69.8
1979,4,-1.89%,"600,652.55",70.6
1979,5,2.42%,"615,174.15",71.5
1979,6,1.42%,"623,914.83",72.3
1979,7,5.01%,"655,200.01",73.1
1979,8,1.54%,"665,293.04",73.8
1979,9,-3.35%,"642,988.98",74.6
1979,10,-0.32%,"640,915.76",75.2
1979,11,4.40%,"669,141.67",75.9
1979,12,3.31%,"691,306.73",76.7
1980,1,4.40%,"721,695.55",77.8
1980,2,-8.78%,"658,346.37",78.9
1980,3,-1.16%,"650,696.06",80.1
1980,4,5.04%,"683,466.01",81
1980,5,6.86%,"730,370.12",81.8
1980,6,4.97%,"766,665.57",82.7
1980,7,3.50%,"793,534.77",82.7
1980,8,2.84%,"816,037.89",83.3
1980,9,3.32%,"843,169.27",84
1980,10,4.61%,"882,078.96",84.8
1980,11,-1.24%,"871,099.02",85.5
1980,12,0.01%,"871,186.02",86.3
1981,1,-3.07%,"844,439.08",87
1981,2,4.14%,"879,426.74",87.9
1981,3,1.29%,"890,804.71",88.5
1981,4,-1.62%,"876,397.99",89.1
1981,5,0.86%,"883,913.88",89.8
1981,6,-2.02%,"866,091.96",90.6
1981,7,0.80%,"873,042.91",91.6
1981,8,-8.30%,"800,556.92",92.3
1981,9,1.73%,"814,384.52",93.2
1981,10,3.04%,"839,172.19",93.4
1981,11,1.18%,"849,069.12",93.7
1981,12,-4.80%,"808,278.82",94
1982,1,-1.91%,"792,809.21",94.3
1982,2,-2.74%,"771,050.23",94.6
1982,3,5.47%,"813,221.39",94.5
1982,4,0.57%,"817,853.88",94.9
1982,5,-5.27%,"774,747.93",95.8
1982,6,0.24%,"776,637.12",97
1982,7,0.79%,"782,803.44",97.5
1982,8,12.10%,"877,494.28",97.7
1982,9,8.88%,"955,428.05",97.9
1982,10,4.50%,"998,421.52",98.2
1982,11,1.36%,"1,011,955.11",98
1982,12,3.93%,"1,051,681.97",97.6
1983,1,2.13%,"1,074,082.95",97.8
1983,2,3.87%,"1,115,602.86",97.9
1983,3,4.20%,"1,162,429.05",97.9
1983,4,4.42%,"1,213,855.05",98.6
1983,5,1.75%,"1,235,140.04",99.2
1983,6,0.71%,"1,243,886.48",99.5
1983,7,-2.41%,"1,213,943.82",99.9
1983,8,3.31%,"1,254,171.90",100.2
1983,9,0.65%,"1,262,298.02",100.7
1983,10,-1.14%,"1,247,889.86",101
1983,11,-0.13%,"1,246,290.97",101.2
1983,12,1.58%,"1,265,931.67",101.3
1984,1,-5.11%,"1,201,214.97",101.9
1984,2,0.44%,"1,206,528.68",102.4
1984,3,0.51%,"1,212,648.19",102.6
1984,4,-0.25%,"1,209,585.37",103.1
1984,5,-1.85%,"1,187,228.55",103.4
1984,6,-0.91%,"1,176,443.20",103.7
1984,7,9.21%,"1,284,753.14",104.1
1984,8,1.41%,"1,302,829.21",104.5
1984,9,-0.41%,"1,297,456.31",105
1984,10,1.29%,"1,314,140.33",105.3
1984,11,-0.71%,"1,304,842.04",105.3
1984,12,4.70%,"1,366,137.89",105.3
1985,1,5.79%,"1,445,201.22",105.5
1985,2,-0.48%,"1,438,288.56",106
1985,3,1.02%,"1,453,026.87",106.4
1985,4,2.74%,"1,492,776.38",106.9
1985,5,2.51%,"1,530,259.49",107.3
1985,6,2.25%,"1,564,647.80",107.6
1985,7,-1.85%,"1,535,775.20",107.8
1985,8,-1.88%,"1,506,825.92",108
1985,9,1.50%,"1,529,361.47",108.3
1985,10,6.42%,"1,627,554.36",108.7
1985,11,5.29%,"1,713,725.46",109
1985,12,0.75%,"1,726,608.03",109.3
1986,1,5.70%,"1,824,977.14",109.6
1986,2,6.18%,"1,937,811.30",109.3
1986,3,2.74%,"1,990,934.97",108.8
1986,4,0.49%,"2,000,726.99",108.6
1986,5,3.13%,"2,063,414.57",108.9
1986,6,-1.80%,"2,026,192.35",109.5
1986,7,2.28%,"2,072,406.84",109.5
1986,8,-2.46%,"2,021,503.64",109.7
1986,9,-0.09%,"2,019,686.86",110.2
1986,10,3.53%,"2,091,041.38",110.3
1986,11,1.71%,"2,126,776.01",110.4
1986,12,6.67%,"2,268,703.66",110.5
1987,1,6.46%,"2,415,304.52",111.2
1987,2,4.38%,"2,521,008.13",111.6
1987,3,-0.86%,"2,499,417.96",112.1
1987,4,0.17%,"2,503,737.73",112.7
1987,5,4.50%,"2,616,366.95",113.1
1987,6,3.12%,"2,698,052.46",113.5
1987,7,6.45%,"2,872,185.07",113.8
1987,8,-3.03%,"2,785,145.64",114.4
1987,9,-11.85%,"2,454,997.66",115
1987,10,-12.30%,"2,152,949.13",115.3
1987,11,-1.33%,"2,124,213.85",115.4
1987,12,4.25%,"2,214,419.49",115.4
1988,1,3.33%,"2,288,127.88",115.7
1988,2,3.23%,"2,362,081.52",116
1988,3,-0.89%,"2,341,152.91",116.5
1988,4,-2.19%,"2,289,922.23",117.1
1988,5,6.00%,"2,427,276.34",117.5
1988,6,-0.31%,"2,419,826.53",118
1988,7,-1.72%,"2,378,242.17",118.5
1988,8,1.93%,"2,424,074.91",119
1988,9,3.80%,"2,516,228.95",119.8
1988,10,-2.02%,"2,465,394.90",120.2
1988,11,2.33%,"2,522,738.83",120.3
1988,12,3.51%,"2,611,354.02",120.5
1989,1,3.30%,"2,697,524.84",121.1
1989,2,-0.16%,"2,693,164.05",121.6
1989,3,3.56%,"2,789,169.93",122.3
1989,4,4.12%,"2,903,952.70",123.1
1989,5,3.39%,"3,002,472.85",123.8
1989,6,2.80%,"3,086,547.35",124.1
1989,7,4.69%,"3,231,329.65",124.4
1989,8,0.46%,"3,246,049.56",124.6
1989,9,0.29%,"3,255,341.57",125
1989,10,-1.81%,"3,196,304.30",125.6
1989,11,2.74%,"3,283,777.76",125.9
1989,12,-2.21%,"3,211,166.02",126.1
1990,1,-2.53%,"3,130,013.95",127.4
1990,2,2.71%,"3,214,748.66",128
1990,3,0.20%,"3,221,049.10",128.7
1990,4,3.85%,"3,345,089.29",128.9
1990,5,3.17%,"3,451,127.19",129.2
1990,6,0.17%,"3,456,984.56",129.9
1990,7,-7.86%,"3,185,223.17",130.4
1990,8,-4.34%,"3,046,950.69",131.6
1990,9,-2.32%,"2,976,390.36",132.7
1990,10,2.98%,"3,065,200.33",133.5
1990,11,4.59%,"3,205,788.98",133.8
1990,12,-0.69%,"3,183,823.84",133.8
1991,1,11.61%,"3,553,363.10",134.6
1991,2,3.04%,"3,661,549.52",134.8
1991,3,2.26%,"3,744,257.64",135
1991,4,-0.18%,"3,737,559.96",135.2
1991,5,0.35%,"3,750,529.70",135.6
1991,6,0.78%,"3,779,802.06",136
1991,7,2.68%,"3,881,060.44",136.2
1991,8,-0.30%,"3,869,296.91",136.6
1991,9,0.18%,"3,876,325.33",137.2
1991,10,0.02%,"3,876,937.60",137.4
1991,11,0.94%,"3,913,192.39",137.8
1991,12,7.36%,"4,201,126.10",137.9
1992,1,-0.60%,"4,175,883.80",138.1
1992,2,-1.01%,"4,133,608.08",138.6
1992,3,0.26%,"4,144,533.35",139.3
1992,4,2.07%,"4,230,256.82",139.5
1992,5,-1.33%,"4,174,031.52",139.7
1992,6,1.91%,"4,253,844.57",140.2
1992,7,0.94%,"4,293,903.87",140.5
1992,8,0.38%,"4,310,142.87",140.9
1992,9,-1.18%,"4,259,194.58",141.3
1992,10,2.76%,"4,376,616.45",141.8
1992,11,3.27%,"4,519,784.32",142
1992,12,0.14%,"4,526,242.78",141.9
1993,1,1.72%,"4,604,286.40",142.6
1993,2,2.15%,"4,703,285.60",143.1
1993,3,-1.34%,"4,640,179.49",143.6
1993,4,0.72%,"4,673,808.00",144
1993,5,0.87%,"4,714,244.97",144.2
1993,6,0.06%,"4,717,120.83",144.4
1993,7,1.76%,"4,800,258.47",144.4
1993,8,1.35%,"4,865,300.62",144.8
1993,9,1.24%,"4,925,723.13",145.1
1993,10,0.01%,"4,926,094.76",145.7
1993,11,0.89%,"4,969,798.08",145.8
1993,12,1.74%,"5,056,067.81",145.8
1994,1,-0.08%,"5,052,240.32",146.2
1994,2,-1.42%,"4,980,305.60",146.7
1994,3,-3.35%,"4,813,645.78",147.2
1994,4,1.06%,"4,864,585.79",147.4
1994,5,1.11%,"4,918,489.93",147.5
1994,6,-0.52%,"4,892,969.11",148
1994,7,3.08%,"5,043,774.23",148.4
1994,8,0.82%,"5,085,005.32",149
1994,9,-0.44%,"5,062,427.56",149.4
1994,10,-0.37%,"5,043,702.46",149.5
1994,11,-1.03%,"4,991,968.89",149.7
1994,12,2.45%,"5,114,330.75",149.7
1995,1,3.82%,"5,309,651.83",150.3
1995,2,2.56%,"5,445,481.75",150.9
1995,3,3.22%,"5,620,584.11",151.4
1995,4,3.35%,"5,808,747.78",151.9
1995,5,3.18%,"5,993,374.29",152.2
1995,6,3.55%,"6,205,988.05",152.5
1995,7,0.51%,"6,237,832.47",152.5
1995,8,3.72%,"6,469,734.14",152.9
1995,9,0.91%,"6,528,774.83",153.2
1995,10,2.36%,"6,682,748.50",153.7
1995,11,3.39%,"6,909,236.07",153.6
1995,12,0.16%,"6,920,469.09",153.5
1996,1,5.90%,"7,329,080.82",154.4
1996,2,-0.20%,"7,314,371.57",154.9
1996,3,0.20%,"7,328,783.96",155.7
1996,4,2.35%,"7,501,364.04",156.3
1996,5,1.28%,"7,597,275.97",156.6
1996,6,-3.48%,"7,333,151.77",156.7
1996,7,3.08%,"7,558,701.38",157
1996,8,2.02%,"7,711,668.85",157.3
1996,9,4.12%,"8,029,350.88",157.8
1996,10,5.05%,"8,435,000.26",158.3
1996,11,1.20%,"8,536,070.75",158.6
1996,12,3.26%,"8,814,136.67",158.6
1997,1,4.36%,"9,198,535.60",159.1
1997,2,-0.62%,"9,141,165.68",159.6
1997,3,-3.41%,"8,829,886.46",160
1997,4,9.22%,"9,643,810.46",160.2
1997,5,5.34%,"10,158,483.78",160.1
1997,6,5.74%,"10,741,166.75",160.3
1997,7,0.35%,"10,778,523.36",160.5
1997,8,1.19%,"10,907,004.22",160.8
1997,9,1.65%,"11,086,465.43",161.2
1997,10,-1.15%,"10,958,744.55",161.6
1997,11,2.63%,"11,247,465.44",161.5
1997,12,0.24%,"11,274,131.87",161.3
1998,1,6.40%,"11,995,919.65",161.6
1998,2,5.31%,"12,633,247.55",161.9
1998,3,3.41%,"13,063,494.95",162.2
1998,4,-0.22%,"13,034,512.59",162.5
1998,5,0.12%,"13,049,692.20",162.8
1998,6,4.47%,"13,632,708.91",163
1998,7,-6.97%,"12,682,371.79",163.2
1998,8,-4.90%,"12,061,132.13",163.4
1998,9,1.29%,"12,216,824.06",163.6
1998,10,10.97%,"13,557,545.28",164
1998,11,4.10%,"14,113,961.16",164
1998,12,5.05%,"14,826,389.76",163.9
1999,1,-0.07%,"14,816,499.06",164.3
1999,2,2.92%,"15,249,660.87",164.5
1999,3,4.25%,"15,897,774.82",165
1999,4,-0.10%,"15,882,062.77",166.2
1999,5,-0.61%,"15,784,901.53",166.2
1999,6,4.52%,"16,498,755.92",166.2
1999,7,-3.77%,"15,876,029.23",166.7
1999,8,-0.60%,"15,781,087.94",167.1
1999,9,-1.27%,"15,580,278.14",167.9
1999,10,7.11%,"16,687,404.86",168.2
1999,11,2.81%,"17,156,109.12",168.3
1999,12,-0.12%,"17,135,704.91",168.3
2000,1,-2.48%,"16,711,068.90",168.8
2000,2,3.94%,"17,369,644.37",169.8
2000,3,1.42%,"17,617,103.68",171.2
2000,4,-2.84%,"17,116,990.40",171.3
2000,5,3.16%,"17,658,482.99",171.5
2000,6,0.85%,"17,808,640.57",172.4
2000,7,0.94%,"17,975,990.34",172.8
2000,8,-1.08%,"17,781,912.46",172.8
2000,9,-5.21%,"16,854,722.68",173.7
2000,10,-0.77%,"16,724,509.15",174
2000,11,-3.32%,"16,169,243.11",174.1
2000,12,0.46%,"16,242,814.41",174
2001,1,-2.14%,"15,895,826.02",175.1
2001,2,-9.08%,"14,452,500.43",175.8
2001,3,0.45%,"14,517,347.88",176.2
2001,4,6.88%,"15,516,044.58",176.9
2001,5,-2.39%,"15,145,420.23",177.7
2001,6,-2.66%,"14,742,517.64",178
2001,7,-2.05%,"14,440,909.43",177.5
2001,8,-11.25%,"12,816,693.45",177.5
2001,9,3.18%,"13,224,781.00",178.3
2001,10,5.05%,"13,893,048.52",177.7
2001,11,1.47%,"14,096,727.47",177.4
2001,12,-0.30%,"14,054,763.03",176.7
2002,1,-3.35%,"13,583,539.25",177.1
2002,2,4.95%,"14,255,282.04",177.8
2002,3,-3.51%,"13,754,289.82",178.8
2002,4,-2.82%,"13,366,367.77",179.8
2002,5,-5.92%,"12,574,950.68",179.8
2002,6,-10.76%,"11,222,074.72",179.9
2002,7,1.14%,"11,349,870.67",180.1
2002,8,-4.76%,"10,809,874.45",180.7
2002,9,-1.37%,"10,662,098.85",181
2002,10,6.63%,"11,368,524.40",181.3
2002,11,-1.04%,"11,250,853.20",181.3
2002,12,-0.22%,"11,225,818.08",180.9
2003,1,-6.41%,"10,505,700.26",181.7
2003,2,1.31%,"10,643,104.12",183.1
2003,3,5.29%,"11,205,683.58",184.2
2003,4,5.31%,"11,800,953.21",183.8
2003,5,5.70%,"12,474,101.40",183.5
2003,6,0.60%,"12,548,434.67",183.7
2003,7,-0.17%,"12,527,563.60",183.9
2003,8,3.16%,"12,923,582.55",184.6
2003,9,2.03%,"13,185,650.70",185.2
2003,10,1.21%,"13,345,274.38",185
2003,11,3.06%,"13,754,148.27",184.5
2003,12,4.93%,"14,432,910.17",184.3
2004,1,1.09%,"14,589,747.15",185.2
2004,2,-1.57%,"14,361,388.91",186.2
2004,3,0.97%,"14,500,426.83",187.4
2004,4,-2.56%,"14,128,599.14",188
2004,5,2.86%,"14,532,348.85",189.1
2004,6,-2.24%,"14,207,001.59",189.7
2004,7,-1.39%,"14,009,869.48",189.4
2004,8,2.78%,"14,399,711.53",189.5
2004,9,0.10%,"14,414,484.96",189.9
2004,10,4.77%,"15,102,617.50",190.9
2004,11,2.73%,"15,514,533.43",191
2004,12,-1.35%,"15,305,207.99",190.3
2005,1,1.68%,"15,562,520.18",190.7
2005,2,-0.26%,"15,522,744.24",191.8
2005,3,-2.41%,"15,148,813.99",193.3
2005,4,1.34%,"15,351,182.53",194.6
2005,5,2.18%,"15,685,945.38",194.4
2005,6,1.81%,"15,969,514.49",194.5
2005,7,0.31%,"16,019,022.89",195.4
2005,8,0.28%,"16,063,826.57",196.4
2005,9,-2.62%,"15,642,276.48",198.8
2005,10,3.96%,"16,261,951.89",199.2
2005,11,2.14%,"16,610,629.43",197.6
2005,12,1.47%,"16,854,269.19",196.8
2006,1,-0.02%,"16,851,464.68",198.3
2006,2,1.49%,"17,101,900.66",198.7
2006,3,0.80%,"17,238,430.51",199.8
2006,4,-0.79%,"17,102,826.88",201.5
2006,5,-2.71%,"16,640,059.79",202.5
2006,6,0.72%,"16,759,874.98",202.9
2006,7,2.29%,"17,143,970.96",203.5
2006,8,2.53%,"17,577,914.62",203.9
2006,9,3.62%,"18,213,516.74",202.9
2006,10,2.00%,"18,578,086.32",201.8
2006,11,2.15%,"18,977,192.84",201.5
2006,12,0.69%,"19,108,671.86",201.8
2007,1,1.60%,"19,413,655.44",202.42
2007,2,-2.47%,"18,933,382.76",203.5
2007,3,4.18%,"19,724,847.37",205.35
2007,4,3.39%,"20,393,865.49",206.69
2007,5,0.34%,"20,464,204.24",207.95
2007,6,0.57%,"20,581,795.58",208.35
2007,7,-4.20%,"19,717,132.16",208.3
2007,8,3.07%,"20,323,383.39",207.92
2007,9,2.99%,"20,931,384.40",208.49
2007,10,-4.81%,"19,925,357.17",208.94
2007,11,1.24%,"20,172,077.09",210.18
2007,12,-6.64%,"18,833,619.96",210.04
2008,1,-1.56%,"18,539,068.61",211.08
2008,2,-2.63%,"18,052,114.80",211.69
2008,3,4.24%,"18,818,210.91",213.53
2008,4,2.56%,"19,300,447.18",214.82
2008,5,-4.25%,"18,480,837.85",216.63
2008,6,-6.08%,"17,357,485.37",218.82
2008,7,2.11%,"17,723,821.17",219.96
2008,8,-4.85%,"16,864,652.52",219.09
2008,9,-20.19%,"13,459,074.57",218.78
2008,10,-8.61%,"12,300,874.37",216.57
2008,11,-0.35%,"12,257,671.57",212.43
2008,12,-1.10%,"12,123,381.84",210.23
2009,1,-6.70%,"11,310,811.39",211.14
2009,2,-5.69%,"10,667,516.18",212.19
2009,3,12.32%,"11,981,940.87",212.71
2009,4,6.66%,"12,779,916.77",213.24
2009,5,2.87%,"13,146,554.82",213.86
2009,6,1.28%,"13,314,520.75",215.69
2009,7,8.12%,"14,395,759.03",215.35
2009,8,3.65%,"14,921,253.65",215.83
2009,9,2.40%,"15,279,827.52",215.97
2009,10,2.09%,"15,599,836.87",216.18
2009,11,2.23%,"15,947,067.03",216.33
2009,12,1.36%,"16,163,463.61",215.95
2010,1,-2.90%,"15,694,969.92",216.69
2010,2,5.94%,"16,627,727.57",216.74
2010,3,4.09%,"17,307,457.47",217.63
2010,4,-5.88%,"16,289,364.18",218.01
2010,5,-3.54%,"15,712,140.12",218.18
2010,6,-0.16%,"15,687,146.35",217.97
2010,7,0.86%,"15,822,622.36",218.01
2010,8,3.37%,"16,356,027.41",218.31
2010,9,4.58%,"17,104,714.18",218.44
2010,10,2.49%,"17,530,777.98",218.71
2010,11,3.71%,"18,181,824.82",218.8
2010,12,3.46%,"18,811,314.71",219.18
2011,1,3.15%,"19,404,033.64",220.22
2011,2,-1.11%,"19,188,171.34",221.31
2011,3,2.22%,"19,614,337.35",223.47
2011,4,0.66%,"19,743,641.89",224.91
2011,5,-3.66%,"19,020,511.23",225.96
2011,6,3.10%,"19,610,477.22",225.72
2011,7,-10.40%,"17,570,860.72",225.92
2011,8,-0.79%,"17,432,183.57",226.55
2011,9,3.02%,"17,958,444.80",226.89
2011,10,1.77%,"18,275,792.51",226.42
2011,11,1.55%,"18,559,935.59",226.23
2011,12,4.78%,"19,447,575.27",225.67
2012,1,4.16%,"20,257,101.72",226.67
2012,2,2.88%,"20,841,283.58",227.66
2012,3,-0.04%,"20,833,320.05",229.39
2012,4,-3.09%,"20,189,372.08",230.09
2012,5,-1.15%,"19,956,707.51",229.82
2012,6,2.92%,"20,539,660.27",229.48
2012,7,3.39%,"21,235,482.50",229.1
2012,8,3.02%,"21,877,041.70",230.38
2012,9,-0.22%,"21,829,539.04",231.41
2012,10,-2.84%,"21,210,127.19",231.32
2012,11,2.18%,"21,671,560.96",230.22
2012,12,4.27%,"22,596,668.20",229.6
2013,1,2.33%,"23,123,853.40",230.28
2013,2,2.72%,"23,753,389.68",232.17
2013,3,1.45%,"24,098,714.42",232.77
2013,4,4.57%,"25,201,054.63",232.53
2013,5,-1.12%,"24,919,363.53",232.95
2013,6,3.25%,"25,730,358.53",233.5
2013,7,0.25%,"25,795,334.96",233.6
2013,8,1.19%,"26,102,935.91",233.88
2013,9,2.12%,"26,655,678.60",234.15
2013,10,3.86%,"27,684,586.21",233.55
2013,11,1.52%,"28,105,851.94",233.07
2013,12,0.97%,"28,377,862.53",233.05
2014,1,-0.13%,"28,340,961.12",233.92
2014,2,2.72%,"29,112,478.41",234.78
2014,3,0.20%,"29,171,205.26",236.29
2014,4,1.53%,"29,618,118.26",237.07
2014,5,3.20%,"30,564,807.45",237.9
2014,6,1.50%,"31,022,002.56",238.34
2014,7,-0.43%,"30,889,553.86",238.25
2014,8,1.78%,"31,438,780.58",237.85
2014,9,-2.65%,"30,606,726.94",238.03
2014,10,5.71%,"32,353,040.34",237.43
2014,11,0.63%,"32,558,122.28",236.15
2014,12,-1.11%,"32,196,712.28",234.81
2015,1,2.83%,"33,107,041.51",233.71
2015,2,0.06%,"33,125,370.71",234.72
2015,3,0.88%,"33,416,347.17",236.12
2015,4,0.98%,"33,743,461.10",236.6
2015,5,-0.44%,"33,596,508.31",237.81
2015,6,-0.08%,"33,569,755.37",238.64
2015,7,-2.42%,"32,755,891.06",238.65
2015,8,-4.51%,"31,279,551.77",238.32
2015,9,4.32%,"32,629,927.35",237.95
2015,10,2.93%,"33,586,790.16",237.84
2015,11,-1.10%,"33,216,337.99",237.34
2015,12,-6.42%,"31,083,974.73",236.53
2016,1,-0.55%,"30,913,041.13",236.92
2016,2,6.36%,"32,879,953.71",237.11
2016,3,2.83%,"33,810,870.77",238.13
2016,4,-0.30%,"33,707,962.23",239.26
2016,5,1.07%,"34,067,454.35",240.23
2016,6,3.30%,"35,190,807.86",241.02
2016,7,1.20%,"35,612,836.08",240.63
2016,8,-0.44%,"35,456,612.81",240.85
2016,9,-0.51%,"35,277,209.11",241.43
2016,10,1.20%,"35,700,945.03",241.73
2016,11,3.95%,"37,109,691.41",241.35
2016,12,1.44%,"37,643,193.22",241.43
2017,1,2.58%,"38,613,049.50",242.84
2017,2,1.75%,"39,288,490.93",243.6
2017,3,-0.15%,"39,227,985.04",243.8
2017,4,1.69%,"39,891,869.00",244.52
2017,5,1.78%,"40,600,519.30",244.73
2017,6,0.99%,"41,001,605.38",244.96
2017,7,0.25%,"41,103,209.51",244.79
2017,8,1.65%,"41,782,753.69",245.52
2017,9,2.73%,"42,925,428.07",246.82
2017,10,1.59%,"43,607,757.34",246.66
2017,11,2.88%,"44,865,181.05",246.67
2017,12,4.86%,"47,046,480.51",246.52
2018,1,-2.89%,"45,688,396.14",247.87
2018,2,0.06%,"45,717,900.90",248.99
2018,3,-1.66%,"44,957,167.87",249.55
2018,4,1.96%,"45,839,057.18",250.55
2018,5,2.11%,"46,807,622.59",251.59
2018,6,1.58%,"47,547,530.33",251.99
2018,7,2.45%,"48,712,827.55",252.01
2018,8,1.68%,"49,531,080.16",252.15
2018,9,-3.85%,"47,624,635.74",252.44
2018,10,-2.08%,"46,635,896.72",252.89
2018,11,-5.56%,"44,041,769.29",252.04
2018,12,1.74%,"44,806,174.27",251.23
2019,1,5.83%,"47,417,882.50",251.71
2019,2,1.95%,"48,341,593.27",252.78
2019,3,3.72%,"50,141,456.95",254.2
2019,4,-1.53%,"49,373,395.86",255.55
2019,5,1.40%,"50,066,968.23",256.09
2019,6,3.83%,"51,983,203.24",256.14
2019,7,-3.13%,"50,353,834.43",256.57
2019,8,3.09%,"51,907,364.75",256.56
2019,9,0.01%,"51,912,453.10",256.76
2019,10,4.43%,"54,214,091.49",257.35
2019,11,2.47%,"55,552,810.83",257.21
2019,12,3.35%,"57,411,828.70",256.97
2020,1,0.12%,"57,481,915.23",257.97
2020,2,-18.92%,"46,607,653.83",258.68
2020,3,4.32%,"48,620,458.65",258.12
2020,4,5.89%,"51,482,922.69",256.39
2020,5,6.51%,"54,833,571.26",256.39
2020,6,3.48%,"56,739,824.66",257.8
2020,7,5.89%,"60,083,788.98",259.1
2020,8,-0.63%,"59,707,062.04",259.92
2020,9,1.73%,"60,737,606.75",260.28
2020,10,3.95%,"63,139,242.53",260.39
2020,11,4.26%,"65,829,025.06",260.23
2020,12,2.80%,"67,669,143.64",260.47
2021,1,2.49%,"69,355,139.68",261.58
2021,2,0.82%,"69,924,793.44",263.01
2021,3,6.02%,"74,135,305.16",264.88
2021,4,0.76%,"74,698,905.12",267.05
2021,5,1.81%,"76,051,271.12",269.2
2021,6,3.07%,"78,384,677.34",271.7
2021,7,2.19%,"80,097,509.41",273
2021,8,-0.08%,"80,029,827.95",273.57
2021,9,0.45%,"80,391,703.68",274.31
2021,10,4.74%,"84,206,084.27",276.59
2021,11,0.27%,"84,429,570.28",277.95
2021,12,-2.05%,"82,697,115.27",278.8
2022,1,-2.90%,"80,296,773.73",281.15
2022,2,-0.89%,"79,580,057.89",283.72
2022,3,0.12%,"79,674,202.56",287.5
2022,4,-7.87%,"73,401,667.48",289.11
2022,5,-3.37%,"70,928,482.80",292.3
2022,6,0.46%,"71,258,077.06",296.31
2022,7,6.45%,"75,852,365.94",296.28
2022,8,-7.28%,"70,332,282.72",296.17
2022,9,-3.09%,"68,158,188.68",296.81
2022,10,5.29%,"71,760,413.16",298.01
2022,11,0.01%,"71,768,190.16",297.71
2022,12,1.38%,"72,756,047.94",296.8
2023,1,3.15%,"75,045,660.13",299.17
2023,2,-2.59%,"73,105,409.33",300.84
2023,3,4.00%,"76,026,863.26",301.84
2023,4,0.74%,"76,587,709.82",303.36
2023,5,4.94%,"80,372,817.43",304.13
2023,6,3.88%,"83,488,101.57",305.11
2023,7,-1.00%,"82,655,193.60",305.69
2023,8,-0.95%,"81,867,012.55",307.03
2023,9,-3.04%,"79,380,455.49",307.79
2023,10,4.60%,"83,033,324.74",307.67
2023,11,5.18%,"87,330,504.36",307.05
2023,12,2.91%,"89,873,426.13",306.75
2024,1,4.20%,"93,647,455.33",308.42
2024,2,3.28%,"96,721,077.22",310.33
2024,3,-1.01%,"95,745,037.58",312.33
2024,4,2.52%,"98,154,665.36",313.55
2024,5,3.55%,"101,639,729.32",314.07
2024,6,2.38%,"104,058,410.61",314.18
2024,7,-0.97%,"103,048,408.71",314.54
2024,8,2.72%,"105,853,500.39",314.8
2024,9,3.15%,"109,189,882.22",315.3
2024,10,4.40%,"113,993,640.86",315.66